Country,Region,Date,new_Cases,new_Deaths,Period,IsoCode
Argentina,All,2020-04-30,4503,255,2020_Q1,AR
Argentina,All,2020-08-30,418049,12534,2020_Q2,AR
Argentina,All,2020-12-31,1211215,31786,2020_Q3,AR
Argentina,All,2021-04-30,1373722,22163,2021_Q1,AR
Argentina,Buenos Aires,2020-04-30,1590,119,2020_Q1,AR-B
Argentina,Buenos Aires,2020-08-30,260867,7995,2020_Q2,AR-B
Argentina,Buenos Aires,2020-12-31,420416,13838,2020_Q3,AR-B
Argentina,Buenos Aires,2021-04-30,624349,11862,2021_Q1,AR-B
Argentina,CABA,2020-04-30,1146,72,2020_Q1,AR-C
Argentina,CABA,2020-08-30,93381,3010,2020_Q2,AR-C
Argentina,CABA,2020-12-31,77075,2227,2020_Q3,AR-C
Argentina,CABA,2021-04-30,167966,2275,2021_Q1,AR-C
Argentina,Catamarca,2020-04-30,1,0,2020_Q1,AR-K
Argentina,Catamarca,2020-08-30,66,0,2020_Q2,AR-K
Argentina,Catamarca,2020-12-31,3005,20,2020_Q3,AR-K
Argentina,Catamarca,2021-04-30,12297,102,2021_Q1,AR-K
Argentina,Chaco,2020-04-30,307,14,2020_Q1,AR-H
Argentina,Chaco,2020-08-30,5095,199,2020_Q2,AR-H
Argentina,Chaco,2020-12-31,19760,488,2020_Q3,AR-H
Argentina,Chaco,2021-04-30,20021,335,2021_Q1,AR-H
Argentina,Chubut,2020-04-30,13,0,2020_Q1,AR-U
Argentina,Chubut,2020-08-30,994,8,2020_Q2,AR-U
Argentina,Chubut,2020-12-31,33178,578,2020_Q3,AR-U
Argentina,Chubut,2021-04-30,20713,398,2021_Q1,AR-U
Argentina,Córdoba,2020-04-30,298,13,2020_Q1,AR-X
Argentina,Córdoba,2020-08-30,8298,116,2020_Q2,AR-X
Argentina,Córdoba,2020-12-31,119576,2388,2020_Q3,AR-X
Argentina,Córdoba,2021-04-30,101357,878,2021_Q1,AR-X
Argentina,Corrientes,2020-04-30,80,1,2020_Q1,AR-W
Argentina,Corrientes,2020-08-30,415,3,2020_Q2,AR-W
Argentina,Corrientes,2020-12-31,13494,263,2020_Q3,AR-W
Argentina,Corrientes,2021-04-30,27341,329,2021_Q1,AR-W
Argentina,Entre Ríos,2020-04-30,24,0,2020_Q1,AR-E
Argentina,Entre Ríos,2020-08-30,3243,65,2020_Q2,AR-E
Argentina,Entre Ríos,2020-12-31,29157,669,2020_Q3,AR-E
Argentina,Entre Ríos,2021-04-30,33188,449,2021_Q1,AR-E
Argentina,Formosa,2020-04-30,0,0,2020_Q1,AR-P
Argentina,Formosa,2020-08-30,82,1,2020_Q2,AR-P
Argentina,Formosa,2020-12-31,144,1,2020_Q3,AR-P
Argentina,Formosa,2021-04-30,5841,137,2021_Q1,AR-P
Argentina,Jujuy,2020-04-30,5,0,2020_Q1,AR-Y
Argentina,Jujuy,2020-08-30,8810,337,2020_Q2,AR-Y
Argentina,Jujuy,2020-12-31,9634,539,2020_Q3,AR-Y
Argentina,Jujuy,2021-04-30,6298,159,2021_Q1,AR-Y
Argentina,La Pampa,2020-04-30,6,0,2020_Q1,AR-L
Argentina,La Pampa,2020-08-30,198,1,2020_Q2,AR-L
Argentina,La Pampa,2020-12-31,10931,157,2020_Q3,AR-L
Argentina,La Pampa,2021-04-30,16511,251,2021_Q1,AR-L
Argentina,La Rioja,2020-04-30,59,6,2020_Q1,AR-F
Argentina,La Rioja,2020-08-30,1950,76,2020_Q2,AR-F
Argentina,La Rioja,2020-12-31,7133,324,2020_Q3,AR-F
Argentina,La Rioja,2021-04-30,4592,68,2021_Q1,AR-F
Argentina,Mendoza,2020-04-30,86,10,2020_Q1,AR-M
Argentina,Mendoza,2020-08-30,7050,211,2020_Q2,AR-M
Argentina,Mendoza,2020-12-31,53280,1485,2020_Q3,AR-M
Argentina,Mendoza,2021-04-30,38420,635,2021_Q1,AR-M
Argentina,Misiones,2020-04-30,11,1,2020_Q1,AR-N
Argentina,Misiones,2020-08-30,35,3,2020_Q2,AR-N
Argentina,Misiones,2020-12-31,1051,17,2020_Q3,AR-N
Argentina,Misiones,2021-04-30,14524,252,2021_Q1,AR-N
Argentina,Neuquén,2020-04-30,127,5,2020_Q1,AR-Q
Argentina,Neuquén,2020-08-30,3000,46,2020_Q2,AR-Q
Argentina,Neuquén,2020-12-31,39251,838,2020_Q3,AR-Q
Argentina,Neuquén,2021-04-30,29120,450,2021_Q1,AR-Q
Argentina,Río Negro,2020-04-30,238,8,2020_Q1,AR-R
Argentina,Río Negro,2020-08-30,5882,169,2020_Q2,AR-R
Argentina,Río Negro,2020-12-31,33298,760,2020_Q3,AR-R
Argentina,Río Negro,2021-04-30,22749,453,2021_Q1,AR-R
Argentina,Salta,2020-04-30,4,0,2020_Q1,AR-A
Argentina,Salta,2020-08-30,3343,97,2020_Q2,AR-A
Argentina,Salta,2020-12-31,18773,932,2020_Q3,AR-A
Argentina,Salta,2021-04-30,12900,289,2021_Q1,AR-A
Argentina,San Juan,2020-04-30,9,1,2020_Q1,AR-J
Argentina,San Juan,2020-08-30,270,6,2020_Q2,AR-J
Argentina,San Juan,2020-12-31,11613,290,2020_Q3,AR-J
Argentina,San Juan,2021-04-30,13050,193,2021_Q1,AR-J
Argentina,San Luis,2020-04-30,13,0,2020_Q1,AR-D
Argentina,San Luis,2020-08-30,124,1,2020_Q2,AR-D
Argentina,San Luis,2020-12-31,16854,340,2020_Q3,AR-D
Argentina,San Luis,2021-04-30,20840,251,2021_Q1,AR-D
Argentina,Santa Cruz,2020-04-30,49,0,2020_Q1,AR-Z
Argentina,Santa Cruz,2020-08-30,1746,19,2020_Q2,AR-Z
Argentina,Santa Cruz,2020-12-31,22485,413,2020_Q3,AR-Z
Argentina,Santa Cruz,2021-04-30,20584,311,2021_Q1,AR-Z
Argentina,Santa Fe,2020-04-30,255,1,2020_Q1,AR-S
Argentina,Santa Fe,2020-08-30,8083,104,2020_Q2,AR-S
Argentina,Santa Fe,2020-12-31,168153,3384,2020_Q3,AR-S
Argentina,Santa Fe,2021-04-30,99429,1462,2021_Q1,AR-S
Argentina,Santiago del Estero,2020-04-30,17,0,2020_Q1,AR-G
Argentina,Santiago del Estero,2020-08-30,937,10,2020_Q2,AR-G
Argentina,Santiago del Estero,2020-12-31,16417,209,2020_Q3,AR-G
Argentina,Santiago del Estero,2021-04-30,13523,136,2021_Q1,AR-G
Argentina,Tierra del Fuego,2020-04-30,126,0,2020_Q1,AR-V
Argentina,Tierra del Fuego,2020-08-30,1935,33,2020_Q2,AR-V
Argentina,Tierra del Fuego,2020-12-31,17224,258,2020_Q3,AR-V
Argentina,Tierra del Fuego,2021-04-30,7076,123,2021_Q1,AR-V
Argentina,Tucumán,2020-04-30,39,4,2020_Q1,AR-T
Argentina,Tucumán,2020-08-30,2232,24,2020_Q2,AR-T
Argentina,Tucumán,2020-12-31,69286,1368,2020_Q3,AR-T
Argentina,Tucumán,2021-04-30,40964,363,2021_Q1,AR-T
Brazil,Acre,2020-04-30,NA,22,2020_Q1,BR-AC
Brazil,Acre,2020-08-30,NA,597,2020_Q2,BR-AC
Brazil,Acre,2020-12-31,NA,191,2020_Q3,BR-AC
Brazil,Acre,2021-04-30,NA,1005,2021_Q1,BR-AC
Brazil,Alagoas,2020-04-30,NA,53,2020_Q1,BR-AL
Brazil,Alagoas,2020-08-30,NA,1925,2020_Q2,BR-AL
Brazil,Alagoas,2020-12-31,NA,467,2020_Q3,BR-AL
Brazil,Alagoas,2021-04-30,NA,1697,2021_Q1,BR-AL
Brazil,All,2020-04-30,NA,10863,2020_Q1,BR
Brazil,All,2020-08-30,NA,111880,2020_Q2,BR
Brazil,All,2020-12-31,NA,76070,2020_Q3,BR
Brazil,All,2021-04-30,NA,220931,2021_Q1,BR
Brazil,Amapá,2020-04-30,NA,45,2020_Q1,BR-AP
Brazil,Amapá,2020-08-30,NA,607,2020_Q2,BR-AP
Brazil,Amapá,2020-12-31,NA,222,2020_Q3,BR-AP
Brazil,Amapá,2021-04-30,NA,525,2021_Q1,BR-AP
Brazil,Amazonas,2020-04-30,NA,510,2020_Q1,BR-AM
Brazil,Amazonas,2020-08-30,NA,1601,2020_Q2,BR-AM
Brazil,Amazonas,2020-12-31,NA,1016,2020_Q3,BR-AM
Brazil,Amazonas,2021-04-30,NA,5771,2021_Q1,BR-AM
Brazil,Bahia,2020-04-30,NA,142,2020_Q1,BR-BA
Brazil,Bahia,2020-08-30,NA,5722,2020_Q2,BR-BA
Brazil,Bahia,2020-12-31,NA,3264,2020_Q3,BR-BA
Brazil,Bahia,2021-04-30,NA,7963,2021_Q1,BR-BA
Brazil,Ceará,2020-04-30,NA,911,2020_Q1,BR-CE
Brazil,Ceará,2020-08-30,NA,7404,2020_Q2,BR-CE
Brazil,Ceará,2020-12-31,NA,1712,2020_Q3,BR-CE
Brazil,Ceará,2021-04-30,NA,8805,2021_Q1,BR-CE
Brazil,Distrito Federal,2020-04-30,NA,61,2020_Q1,BR-DF
Brazil,Distrito Federal,2020-08-30,NA,2498,2020_Q2,BR-DF
Brazil,Distrito Federal,2020-12-31,NA,1414,2020_Q3,BR-DF
Brazil,Distrito Federal,2021-04-30,NA,3074,2021_Q1,BR-DF
Brazil,Espírito Santo,2020-04-30,NA,114,2020_Q1,BR-ES
Brazil,Espírito Santo,2020-08-30,NA,3173,2020_Q2,BR-ES
Brazil,Espírito Santo,2020-12-31,NA,2146,2020_Q3,BR-ES
Brazil,Espírito Santo,2021-04-30,NA,4593,2021_Q1,BR-ES
Brazil,Goiás,2020-04-30,NA,98,2020_Q1,BR-GO
Brazil,Goiás,2020-08-30,NA,4159,2020_Q2,BR-GO
Brazil,Goiás,2020-12-31,NA,3156,2020_Q3,BR-GO
Brazil,Goiás,2021-04-30,NA,8590,2021_Q1,BR-GO
Brazil,Maranhão,2020-04-30,NA,240,2020_Q1,BR-MA
Brazil,Maranhão,2020-08-30,NA,2242,2020_Q2,BR-MA
Brazil,Maranhão,2020-12-31,NA,482,2020_Q3,BR-MA
Brazil,Maranhão,2021-04-30,NA,2338,2021_Q1,BR-MA
Brazil,Mato Grosso,2020-04-30,NA,14,2020_Q1,BR-MT
Brazil,Mato Grosso,2020-08-30,NA,2015,2020_Q2,BR-MT
Brazil,Mato Grosso,2020-12-31,NA,1366,2020_Q3,BR-MT
Brazil,Mato Grosso,2021-04-30,NA,4605,2021_Q1,BR-MT
Brazil,Mato Grosso do Sul,2020-04-30,NA,14,2020_Q1,BR-MS
Brazil,Mato Grosso do Sul,2020-08-30,NA,924,2020_Q2,BR-MS
Brazil,Mato Grosso do Sul,2020-12-31,NA,1525,2020_Q3,BR-MS
Brazil,Mato Grosso do Sul,2021-04-30,NA,3394,2021_Q1,BR-MS
Brazil,Minas Gerais,2020-04-30,NA,288,2020_Q1,BR-MG
Brazil,Minas Gerais,2020-08-30,NA,6526,2020_Q2,BR-MG
Brazil,Minas Gerais,2020-12-31,NA,7781,2020_Q3,BR-MG
Brazil,Minas Gerais,2021-04-30,NA,25044,2021_Q1,BR-MG
Brazil,Pará,2020-04-30,NA,603,2020_Q1,BR-PA
Brazil,Pará,2020-08-30,NA,4399,2020_Q2,BR-PA
Brazil,Pará,2020-12-31,NA,909,2020_Q3,BR-PA
Brazil,Pará,2021-04-30,NA,4349,2021_Q1,BR-PA
Brazil,Paraíba,2020-04-30,NA,70,2020_Q1,BR-PB
Brazil,Paraíba,2020-08-30,NA,2156,2020_Q2,BR-PB
Brazil,Paraíba,2020-12-31,NA,959,2020_Q3,BR-PB
Brazil,Paraíba,2021-04-30,NA,3150,2021_Q1,BR-PB
Brazil,Paraná,2020-04-30,NA,203,2020_Q1,BR-PR
Brazil,Paraná,2020-08-30,NA,4274,2020_Q2,BR-PR
Brazil,Paraná,2020-12-31,NA,5755,2020_Q3,BR-PR
Brazil,Paraná,2021-04-30,NA,14818,2021_Q1,BR-PR
Brazil,Pernambuco,2020-04-30,NA,422,2020_Q1,BR-PE
Brazil,Pernambuco,2020-08-30,NA,5010,2020_Q2,BR-PE
Brazil,Pernambuco,2020-12-31,NA,2374,2020_Q3,BR-PE
Brazil,Pernambuco,2021-04-30,NA,5872,2021_Q1,BR-PE
Brazil,Piauí,2020-04-30,NA,22,2020_Q1,BR-PI
Brazil,Piauí,2020-08-30,NA,1095,2020_Q2,BR-PI
Brazil,Piauí,2020-12-31,NA,667,2020_Q3,BR-PI
Brazil,Piauí,2021-04-30,NA,1647,2021_Q1,BR-PI
Brazil,Rio de Janeiro,2020-04-30,NA,3028,2020_Q1,BR-RJ
Brazil,Rio de Janeiro,2020-08-30,NA,14026,2020_Q2,BR-RJ
Brazil,Rio de Janeiro,2020-12-31,NA,11470,2020_Q3,BR-RJ
Brazil,Rio de Janeiro,2021-04-30,NA,19398,2021_Q1,BR-RJ
Brazil,Rio Grande do Norte,2020-04-30,NA,43,2020_Q1,BR-RN
Brazil,Rio Grande do Norte,2020-08-30,NA,1738,2020_Q2,BR-RN
Brazil,Rio Grande do Norte,2020-12-31,NA,588,2020_Q3,BR-RN
Brazil,Rio Grande do Norte,2021-04-30,NA,2559,2021_Q1,BR-RN
Brazil,Rio Grande do Sul,2020-04-30,NA,111,2020_Q1,BR-RS
Brazil,Rio Grande do Sul,2020-08-30,NA,3761,2020_Q2,BR-RS
Brazil,Rio Grande do Sul,2020-12-31,NA,5546,2020_Q3,BR-RS
Brazil,Rio Grande do Sul,2021-04-30,NA,16587,2021_Q1,BR-RS
Brazil,Rondônia,2020-04-30,NA,27,2020_Q1,BR-RO
Brazil,Rondônia,2020-08-30,NA,915,2020_Q2,BR-RO
Brazil,Rondônia,2020-12-31,NA,628,2020_Q3,BR-RO
Brazil,Rondônia,2021-04-30,NA,3134,2021_Q1,BR-RO
Brazil,Roraima,2020-04-30,NA,4,2020_Q1,BR-RR
Brazil,Roraima,2020-08-30,NA,557,2020_Q2,BR-RR
Brazil,Roraima,2020-12-31,NA,138,2020_Q3,BR-RR
Brazil,Roraima,2021-04-30,NA,548,2021_Q1,BR-RR
Brazil,Santa Catarina,2020-04-30,NA,77,2020_Q1,BR-SC
Brazil,Santa Catarina,2020-08-30,NA,2321,2020_Q2,BR-SC
Brazil,Santa Catarina,2020-12-31,NA,3116,2020_Q3,BR-SC
Brazil,Santa Catarina,2021-04-30,NA,8127,2021_Q1,BR-SC
Brazil,São Paulo,2020-04-30,NA,3729,2020_Q1,BR-SP
Brazil,São Paulo,2020-08-30,NA,30152,2020_Q2,BR-SP
Brazil,São Paulo,2020-12-31,NA,18204,2020_Q3,BR-SP
Brazil,São Paulo,2021-04-30,NA,60429,2021_Q1,BR-SP
Brazil,Sergipe,2020-04-30,NA,10,2020_Q1,BR-SE
Brazil,Sergipe,2020-08-30,NA,1549,2020_Q2,BR-SE
Brazil,Sergipe,2020-12-31,NA,596,2020_Q3,BR-SE
Brazil,Sergipe,2021-04-30,NA,1727,2021_Q1,BR-SE
Brazil,Tocantis,2020-04-30,NA,2,2020_Q1,BR-TO
Brazil,Tocantis,2020-08-30,NA,534,2020_Q2,BR-TO
Brazil,Tocantis,2020-12-31,NA,378,2020_Q3,BR-TO
Brazil,Tocantis,2021-04-30,NA,1182,2021_Q1,BR-TO
Colombia,All,2020-04-30,7870,413,2020_Q1,CO
Colombia,All,2020-08-30,701684,22627,2020_Q2,CO
Colombia,All,2020-12-31,1253167,26738,2020_Q3,CO
Colombia,All,2021-04-30,1412951,35640,2021_Q1,CO
Colombia,Amazonas,2020-08-30,2702,112,2020_Q2,CO-AMA
Colombia,Amazonas,2020-12-31,566,15,2020_Q3,CO-AMA
Colombia,Amazonas,2021-04-30,2922,112,2021_Q1,CO-AMA
Colombia,Antioquia,2020-08-30,130571,2760,2020_Q2,CO-ANT
Colombia,Antioquia,2020-12-31,295738,4782,2020_Q3,CO-ANT
Colombia,Antioquia,2021-04-30,324457,7935,2021_Q1,CO-ANT
Colombia,Arauca,2020-12-31,4715,137,2020_Q3,CO-ARA
Colombia,Arauca,2021-04-30,1905,52,2021_Q1,CO-ARA
Colombia,Atlantico,2020-08-30,64313,2990,2020_Q2,CO-ATL
Colombia,Atlantico,2020-12-31,32984,483,2020_Q3,CO-ATL
Colombia,Atlantico,2021-04-30,147532,3745,2021_Q1,CO-ATL
Colombia,Bogota,2020-04-30,2630,127,2020_Q1,CO-DC
Colombia,Bogota,2020-08-30,210127,5466,2020_Q2,CO-DC
Colombia,Bogota,2020-12-31,274010,4384,2020_Q3,CO-DC
Colombia,Bogota,2021-04-30,317174,5957,2021_Q1,CO-DC
Colombia,Bolivar,2020-08-30,25882,736,2020_Q2,CO-BOL
Colombia,Bolivar,2020-12-31,28128,388,2020_Q3,CO-BOL
Colombia,Bolivar,2021-04-30,29365,468,2021_Q1,CO-BOL
Colombia,Boyaca,2020-08-30,3947,88,2020_Q2,CO-BOY
Colombia,Boyaca,2020-12-31,26238,543,2020_Q3,CO-BOY
Colombia,Boyaca,2021-04-30,24586,647,2021_Q1,CO-BOY
Colombia,Caldas,2020-08-30,2967,61,2020_Q2,CO-CAL
Colombia,Caldas,2020-12-31,30554,591,2020_Q3,CO-CAL
Colombia,Caldas,2021-04-30,28849,572,2021_Q1,CO-CAL
Colombia,Caqueta,2020-08-30,6125,214,2020_Q2,CO-CAQ
Colombia,Caqueta,2020-12-31,9044,329,2020_Q3,CO-CAQ
Colombia,Caqueta,2021-04-30,2356,113,2021_Q1,CO-CAQ
Colombia,Casanare,2020-12-31,9006,197,2020_Q3,CO-CAS
Colombia,Casanare,2021-04-30,6587,159,2021_Q1,CO-CAS
Colombia,Cauca,2020-08-30,5343,169,2020_Q2,CO-CAU
Colombia,Cauca,2020-12-31,13942,343,2020_Q3,CO-CAU
Colombia,Cauca,2021-04-30,11766,315,2021_Q1,CO-CAU
Colombia,Cesar,2020-08-30,10870,317,2020_Q2,CO-CES
Colombia,Cesar,2020-12-31,23496,683,2020_Q3,CO-CES
Colombia,Cesar,2021-04-30,21321,467,2021_Q1,CO-CES
Colombia,Choco,2020-08-30,3726,149,2020_Q2,CO-CHO
Colombia,Choco,2020-12-31,1253,20,2020_Q3,CO-CHO
Colombia,Choco,2021-04-30,3684,56,2021_Q1,CO-CHO
Colombia,Cordoba,2020-08-30,20390,1425,2020_Q2,CO-COR
Colombia,Cordoba,2020-12-31,9724,266,2020_Q3,CO-COR
Colombia,Cordoba,2021-04-30,24549,591,2021_Q1,CO-COR
Colombia,Cundinamarca,2020-08-30,23764,692,2020_Q2,CO-CUN
Colombia,Cundinamarca,2020-12-31,47209,1115,2020_Q3,CO-CUN
Colombia,Cundinamarca,2021-04-30,60350,1661,2021_Q1,CO-CUN
Colombia,Guajira,2020-08-30,5271,245,2020_Q2,CO-LAG
Colombia,Guajira,2020-12-31,9254,309,2020_Q3,CO-LAG
Colombia,Guajira,2021-04-30,17086,420,2021_Q1,CO-LAG
Colombia,Huila,2020-08-30,5301,153,2020_Q2,CO-HUI
Colombia,Huila,2020-12-31,30990,1027,2020_Q3,CO-HUI
Colombia,Huila,2021-04-30,17804,693,2021_Q1,CO-HUI
Colombia,Magdalena,2020-08-30,12560,733,2020_Q2,CO-MAG
Colombia,Magdalena,2020-12-31,12970,356,2020_Q3,CO-MAG
Colombia,Magdalena,2021-04-30,36846,1268,2021_Q1,CO-MAG
Colombia,Meta,2020-08-30,9184,228,2020_Q2,CO-MET
Colombia,Meta,2020-12-31,25851,525,2020_Q3,CO-MET
Colombia,Meta,2021-04-30,12388,330,2021_Q1,CO-MET
Colombia,Nariño,2020-08-30,14892,558,2020_Q2,CO-Other
Colombia,Nariño,2020-12-31,19206,466,2020_Q3,CO-Other
Colombia,Nariño,2021-04-30,20400,761,2021_Q1,CO-Other
Colombia,Norte Santander,2020-08-30,11981,710,2020_Q2,CO-NSA
Colombia,Norte Santander,2020-12-31,29855,1401,2020_Q3,CO-NSA
Colombia,Norte Santander,2021-04-30,13600,754,2021_Q1,CO-NSA
Colombia,Putumayo,2020-08-30,3062,148,2020_Q2,CO-PUT
Colombia,Putumayo,2020-12-31,2984,97,2020_Q3,CO-PUT
Colombia,Putumayo,2021-04-30,3951,110,2021_Q1,CO-PUT
Colombia,Quindio,2020-12-31,24515,672,2020_Q3,CO-QUI
Colombia,Quindio,2021-04-30,15613,522,2021_Q1,CO-QUI
Colombia,Risaralda,2020-08-30,6369,127,2020_Q2,CO-RIS
Colombia,Risaralda,2020-12-31,29110,643,2020_Q3,CO-RIS
Colombia,Risaralda,2021-04-30,22111,640,2021_Q1,CO-RIS
Colombia,San Andres,2021-04-30,3821,52,2021_Q1,CO-SAP
Colombia,Santander,2020-08-30,19006,859,2020_Q2,CO-SAN
Colombia,Santander,2020-12-31,51106,1602,2020_Q3,CO-SAN
Colombia,Santander,2021-04-30,37154,1272,2021_Q1,CO-SAN
Colombia,Sucre,2020-08-30,11631,545,2020_Q2,CO-SUC
Colombia,Sucre,2020-12-31,6197,144,2020_Q3,CO-SUC
Colombia,Sucre,2021-04-30,11094,315,2021_Q1,CO-SUC
Colombia,Tolima,2020-08-30,7359,199,2020_Q2,CO-TOL
Colombia,Tolima,2020-12-31,39549,1120,2020_Q3,CO-TOL
Colombia,Tolima,2021-04-30,23218,918,2021_Q1,CO-TOL
Colombia,Valle,2020-04-30,992,64,2020_Q1,CO-VAC
Colombia,Valle,2020-08-30,46658,1761,2020_Q2,CO-VAC
Colombia,Valle,2020-12-31,96147,2570,2020_Q3,CO-VAC
Colombia,Valle,2021-04-30,100539,3023,2021_Q1,CO-VAC
Colombia,Valle del Cauca,2020-08-30,37419,1296,2020_Q2,NA
Colombia,Valle del Cauca,2020-12-31,65309,1510,2020_Q3,NA
Colombia,Valle del Cauca,2021-04-30,71246,1742,2021_Q1,NA
Mexico,Aguascalientes,2020-08-30,6137,448,2020_Q2,MX-AGU
Mexico,Aguascalientes,2020-12-31,12101,1157,2020_Q3,MX-AGU
Mexico,Aguascalientes,2021-04-30,7976,812,2021_Q1,MX-AGU
Mexico,All,2020-04-30,39953,4694,2020_Q1,MX
Mexico,All,2020-08-30,644648,78612,2020_Q2,MX
Mexico,All,2020-12-31,875954,65440,2020_Q3,MX
Mexico,All,2021-04-30,813749,79806,2021_Q1,MX
Mexico,Baja California,2020-04-30,3037,646,2020_Q1,MX-BCN
Mexico,Baja California,2020-08-30,15966,3229,2020_Q2,MX-BCN
Mexico,Baja California,2020-12-31,19418,2783,2020_Q3,MX-BCN
Mexico,Baja California,2021-04-30,10059,1954,2021_Q1,MX-BCN
Mexico,Baja California Sur,2020-08-30,8070,456,2020_Q2,MX-BCS
Mexico,Baja California Sur,2020-12-31,10410,387,2020_Q3,MX-BCS
Mexico,Baja California Sur,2021-04-30,12063,559,2021_Q1,MX-BCS
Mexico,Campeche,2020-08-30,6073,928,2020_Q2,MX-CAM
Mexico,Campeche,2020-12-31,1563,121,2020_Q3,MX-CAM
Mexico,Campeche,2021-04-30,2064,176,2021_Q1,MX-CAM
Mexico,Chiapas,2020-08-30,7083,1236,2020_Q2,MX-CHP
Mexico,Chiapas,2020-12-31,1525,90,2020_Q3,MX-CHP
Mexico,Chiapas,2021-04-30,2547,304,2021_Q1,MX-CHP
Mexico,Chihuahua,2020-04-30,1401,319,2020_Q1,MX-CHH
Mexico,Chihuahua,2020-08-30,10131,1431,2020_Q2,MX-CHH
Mexico,Chihuahua,2020-12-31,28667,4004,2020_Q3,MX-CHH
Mexico,Chihuahua,2021-04-30,14720,1526,2021_Q1,MX-CHH
Mexico,Ciudad de Mexico,2020-04-30,11749,1175,2020_Q1,MX-CMX
Mexico,Ciudad de Mexico,2020-08-30,103328,10381,2020_Q2,MX-CMX
Mexico,Ciudad de Mexico,2020-12-31,257024,9218,2020_Q3,MX-CMX
Mexico,Ciudad de Mexico,2021-04-30,277526,13540,2021_Q1,MX-CMX
Mexico,Coahuila de Zaragoza,2020-04-30,587,57,2020_Q1,MX-COA
Mexico,Coahuila de Zaragoza,2020-08-30,23201,1622,2020_Q2,MX-COA
Mexico,Coahuila de Zaragoza,2020-12-31,30178,3025,2020_Q3,MX-COA
Mexico,Coahuila de Zaragoza,2021-04-30,14376,1719,2021_Q1,MX-COA
Mexico,Colima,2020-08-30,4083,423,2020_Q2,MX-COL
Mexico,Colima,2020-12-31,4070,397,2020_Q3,MX-COL
Mexico,Colima,2021-04-30,3251,366,2021_Q1,MX-COL
Mexico,Durango,2020-08-30,7220,527,2020_Q2,MX-DUR
Mexico,Durango,2020-12-31,19424,1277,2020_Q3,MX-DUR
Mexico,Durango,2021-04-30,7074,649,2021_Q1,MX-DUR
Mexico,Guanajuato,2020-08-30,35028,2823,2020_Q2,MX-GUA
Mexico,Guanajuato,2020-12-31,53420,3292,2020_Q3,MX-GUA
Mexico,Guanajuato,2021-04-30,42779,4913,2021_Q1,MX-GUA
Mexico,Guerrero,2020-04-30,534,64,2020_Q1,MX-GRO
Mexico,Guerrero,2020-08-30,15430,1954,2020_Q2,MX-GRO
Mexico,Guerrero,2020-12-31,11217,899,2020_Q3,MX-GRO
Mexico,Guerrero,2021-04-30,12924,1507,2021_Q1,MX-GRO
Mexico,Hidalgo,2020-04-30,509,54,2020_Q1,MX-HID
Mexico,Hidalgo,2020-08-30,10769,1649,2020_Q2,MX-HID
Mexico,Hidalgo,2020-12-31,14839,1926,2020_Q3,MX-HID
Mexico,Hidalgo,2021-04-30,12429,2558,2021_Q1,MX-HID
Mexico,Jalisco,2020-08-30,22528,2857,2020_Q2,MX-JAL
Mexico,Jalisco,2020-12-31,34399,4086,2020_Q3,MX-JAL
Mexico,Jalisco,2021-04-30,29131,5568,2021_Q1,MX-JAL
Mexico,Mexico,2020-04-30,7893,1031,2020_Q1,MX-MEX
Mexico,Mexico,2020-08-30,73401,12956,2020_Q2,MX-MEX
Mexico,Mexico,2020-12-31,84306,9717,2020_Q3,MX-MEX
Mexico,Mexico,2021-04-30,85117,13270,2021_Q1,MX-MEX
Mexico,Michoacan de Ocampo,2020-04-30,528,53,2020_Q1,MX-MIC
Mexico,Michoacan de Ocampo,2020-08-30,16884,1397,2020_Q2,MX-MIC
Mexico,Michoacan de Ocampo,2020-12-31,18295,1600,2020_Q3,MX-MIC
Mexico,Michoacan de Ocampo,2021-04-30,12432,2778,2021_Q1,MX-MIC
Mexico,Morelos,2020-04-30,728,106,2020_Q1,MX-MOR
Mexico,Morelos,2020-08-30,5156,1006,2020_Q2,MX-MOR
Mexico,Morelos,2020-12-31,6265,695,2020_Q3,MX-MOR
Mexico,Morelos,2021-04-30,21566,1704,2021_Q1,MX-MOR
Mexico,Nayarit,2020-08-30,5284,660,2020_Q2,MX-NAY
Mexico,Nayarit,2020-12-31,2860,452,2020_Q3,MX-NAY
Mexico,Nayarit,2021-04-30,3740,701,2021_Q1,MX-NAY
Mexico,Nuevo Leon,2020-08-30,32363,2756,2020_Q2,MX-NLE
Mexico,Nuevo Leon,2020-12-31,55452,3728,2020_Q3,MX-NLE
Mexico,Nuevo Leon,2021-04-30,34351,3246,2021_Q1,MX-NLE
Mexico,Oaxaca,2020-08-30,15419,1551,2020_Q2,MX-OAX
Mexico,Oaxaca,2020-12-31,15119,902,2020_Q3,MX-OAX
Mexico,Oaxaca,2021-04-30,16094,1437,2021_Q1,MX-OAX
Mexico,Puebla,2020-04-30,1158,169,2020_Q1,MX-PUE
Mexico,Puebla,2020-08-30,28772,4430,2020_Q2,MX-PUE
Mexico,Puebla,2020-12-31,22665,2189,2020_Q3,MX-PUE
Mexico,Puebla,2021-04-30,31705,5155,2021_Q1,MX-PUE
Mexico,Queretaro,2020-08-30,7299,773,2020_Q2,MX-QUE
Mexico,Queretaro,2020-12-31,28748,1509,2020_Q3,MX-QUE
Mexico,Queretaro,2021-04-30,31345,2144,2021_Q1,MX-QUE
Mexico,Quintana Roo,2020-04-30,1105,187,2020_Q1,MX-ROO
Mexico,Quintana Roo,2020-08-30,9894,1405,2020_Q2,MX-ROO
Mexico,Quintana Roo,2020-12-31,5369,510,2020_Q3,MX-ROO
Mexico,Quintana Roo,2021-04-30,7418,541,2021_Q1,MX-ROO
Mexico,San Luis Potosi,2020-08-30,20408,1561,2020_Q2,MX-SLP
Mexico,San Luis Potosi,2020-12-31,22650,1918,2020_Q3,MX-SLP
Mexico,San Luis Potosi,2021-04-30,20318,1888,2021_Q1,MX-SLP
Mexico,Sinaloa,2020-04-30,1554,206,2020_Q1,MX-SIN
Mexico,Sinaloa,2020-08-30,16500,3169,2020_Q2,MX-SIN
Mexico,Sinaloa,2020-12-31,10093,1342,2020_Q3,MX-SIN
Mexico,Sinaloa,2021-04-30,10196,1550,2021_Q1,MX-SIN
Mexico,Sonora,2020-08-30,31974,3444,2020_Q2,MX-SON
Mexico,Sonora,2020-12-31,25838,1729,2020_Q3,MX-SON
Mexico,Sonora,2021-04-30,16110,1491,2021_Q1,MX-SON
Mexico,Tabasco,2020-04-30,1565,162,2020_Q1,MX-TAB
Mexico,Tabasco,2020-08-30,27891,2685,2020_Q2,MX-TAB
Mexico,Tabasco,2020-12-31,16076,521,2020_Q3,MX-TAB
Mexico,Tabasco,2021-04-30,19319,727,2021_Q1,MX-TAB
Mexico,Tamaulipas,2020-08-30,26342,2432,2020_Q2,MX-TAM
Mexico,Tamaulipas,2020-12-31,16660,1260,2020_Q3,MX-TAM
Mexico,Tamaulipas,2021-04-30,14092,1268,2021_Q1,MX-TAM
Mexico,Tlaxcala,2020-08-30,7080,1114,2020_Q2,MX-TLA
Mexico,Tlaxcala,2020-12-31,5273,412,2020_Q3,MX-TLA
Mexico,Tlaxcala,2021-04-30,7387,1045,2021_Q1,MX-TLA
Mexico,Veracruz de Ignacio de la Llave,2020-04-30,1284,93,2020_Q1,MX-VER
Mexico,Veracruz de Ignacio de la Llave,2020-08-30,29705,5140,2020_Q2,MX-VER
Mexico,Veracruz de Ignacio de la Llave,2020-12-31,14616,2054,2020_Q3,MX-VER
Mexico,Veracruz de Ignacio de la Llave,2021-04-30,14851,2783,2021_Q1,MX-VER
Mexico,Yucatan,2020-08-30,15747,1977,2020_Q2,MX-YUC
Mexico,Yucatan,2020-12-31,11349,845,2020_Q3,MX-YUC
Mexico,Yucatan,2021-04-30,10387,1029,2021_Q1,MX-YUC
Mexico,Zacatecas,2020-08-30,5803,564,2020_Q2,MX-ZAC
Mexico,Zacatecas,2020-12-31,16065,1395,2020_Q3,MX-ZAC
Mexico,Zacatecas,2021-04-30,8402,898,2021_Q1,MX-ZAC
Peru,All,2020-04-30,47815,5189,2020_Q1,PE
Peru,All,2020-08-30,633643,68697,2020_Q2,PE
Peru,All,2020-12-31,340758,19675,2020_Q3,PE
Peru,All,2021-04-30,803493,74505,2021_Q1,PE
Peru,Amazonas,2020-08-30,11774,422,2020_Q2,PE-AMA
Peru,Amazonas,2020-12-31,6787,153,2020_Q3,PE-AMA
Peru,Amazonas,2021-04-30,8054,367,2021_Q1,PE-AMA
Peru,Ancash,2020-04-30,958,127,2020_Q1,PE-ANC
Peru,Ancash,2020-08-30,17897,2156,2020_Q2,PE-ANC
Peru,Ancash,2020-12-31,12217,604,2020_Q3,PE-ANC
Peru,Ancash,2021-04-30,32067,2519,2021_Q1,PE-ANC
Peru,Apurimac,2020-08-30,2989,150,2020_Q2,PE-APU
Peru,Apurimac,2020-12-31,4690,211,2020_Q3,PE-APU
Peru,Apurimac,2021-04-30,12141,682,2021_Q1,PE-APU
Peru,Arequipa,2020-08-30,33709,3408,2020_Q2,PE-ARE
Peru,Arequipa,2020-12-31,14856,848,2020_Q3,PE-ARE
Peru,Arequipa,2021-04-30,24760,2165,2021_Q1,PE-ARE
Peru,Ayacucho,2020-08-30,8717,563,2020_Q2,PE-AYA
Peru,Ayacucho,2020-12-31,6658,271,2020_Q3,PE-AYA
Peru,Ayacucho,2021-04-30,11049,803,2021_Q1,PE-AYA
Peru,Cajamarca,2020-08-30,16706,1155,2020_Q2,PE-CAJ
Peru,Cajamarca,2020-12-31,8764,454,2020_Q3,PE-CAJ
Peru,Cajamarca,2021-04-30,26982,1589,2021_Q1,PE-CAJ
Peru,Callao,2020-04-30,4274,381,2020_Q1,PE-CUS
Peru,Callao,2020-08-30,24424,3938,2020_Q2,PE-CUS
Peru,Callao,2020-12-31,14992,889,2020_Q3,PE-CUS
Peru,Callao,2021-04-30,48582,3743,2021_Q1,PE-CUS
Peru,Cusco,2020-08-30,15581,1064,2020_Q2,PE-CAL
Peru,Cusco,2020-12-31,9927,533,2020_Q3,PE-CAL
Peru,Cusco,2021-04-30,29559,1961,2021_Q1,PE-CAL
Peru,Huancavelica,2020-08-30,4897,272,2020_Q2,PE-HUV
Peru,Huancavelica,2020-12-31,3026,120,2020_Q3,PE-HUV
Peru,Huancavelica,2021-04-30,5375,533,2021_Q1,PE-HUV
Peru,Huanuco,2020-08-30,13841,766,2020_Q2,PE-HUC
Peru,Huanuco,2020-12-31,6829,313,2020_Q3,PE-HUC
Peru,Huanuco,2021-04-30,9398,1112,2021_Q1,PE-HUC
Peru,Ica,2020-04-30,713,111,2020_Q1,PE-ICA
Peru,Ica,2020-08-30,22199,2788,2020_Q2,PE-ICA
Peru,Ica,2020-12-31,9316,795,2020_Q3,PE-ICA
Peru,Ica,2021-04-30,17625,3118,2021_Q1,PE-ICA
Peru,Junin,2020-08-30,15734,1803,2020_Q2,PE-JUN
Peru,Junin,2020-12-31,12786,610,2020_Q3,PE-JUN
Peru,Junin,2021-04-30,34282,2801,2021_Q1,PE-JUN
Peru,La Libertad,2020-08-30,23961,3949,2020_Q2,PE-LAL
Peru,La Libertad,2020-12-31,13779,912,2020_Q3,PE-LAL
Peru,La Libertad,2021-04-30,31206,3572,2021_Q1,PE-LAL
Peru,Lambayeque,2020-04-30,3144,568,2020_Q1,PE-LAM
Peru,Lambayeque,2020-08-30,19791,2776,2020_Q2,PE-LAM
Peru,Lambayeque,2020-12-31,10643,1263,2020_Q3,PE-LAM
Peru,Lambayeque,2021-04-30,18114,2497,2021_Q1,PE-LAM
Peru,Lima,2020-04-30,27889,1648,2020_Q1,PE-LIM
Peru,Lima,2020-08-30,263599,11284,2020_Q2,PE-LIM
Peru,Lima,2020-12-31,128122,3960,2020_Q3,PE-LIM
Peru,Lima,2021-04-30,355602,10287,2021_Q1,PE-LIM
Peru,Loreto,2020-04-30,1554,467,2020_Q1,PE-LOR
Peru,Loreto,2020-08-30,17295,2134,2020_Q2,PE-LOR
Peru,Loreto,2020-12-31,7662,146,2020_Q3,PE-LOR
Peru,Loreto,2021-04-30,12607,1144,2021_Q1,PE-LOR
Peru,Madre De Dios,2020-08-30,6558,389,2020_Q2,PE-MDD
Peru,Madre De Dios,2020-12-31,3057,63,2020_Q3,PE-MDD
Peru,Madre De Dios,2021-04-30,3139,247,2021_Q1,PE-MDD
Peru,Moquegua,2020-08-30,9169,697,2020_Q2,PE-MOQ
Peru,Moquegua,2020-12-31,6986,186,2020_Q3,PE-MOQ
Peru,Moquegua,2021-04-30,7097,326,2021_Q1,PE-MOQ
Peru,Pasco,2020-08-30,4057,205,2020_Q2,PE-PAS
Peru,Pasco,2020-12-31,2603,132,2020_Q3,PE-PAS
Peru,Pasco,2021-04-30,6408,450,2021_Q1,PE-PAS
Peru,Piura,2020-04-30,1942,385,2020_Q1,PE-PIU
Peru,Piura,2020-08-30,28363,4415,2020_Q2,PE-PIU
Peru,Piura,2020-12-31,13415,1524,2020_Q3,PE-PIU
Peru,Piura,2021-04-30,28802,3725,2021_Q1,PE-PIU
Peru,Puno,2020-08-30,9566,1040,2020_Q2,PE-PUN
Peru,Puno,2020-12-31,9902,492,2020_Q3,PE-PUN
Peru,Puno,2021-04-30,9682,1327,2021_Q1,PE-PUN
Peru,San Martin,2020-08-30,14718,1336,2020_Q2,PE-SAM
Peru,San Martin,2020-12-31,11297,262,2020_Q3,PE-SAM
Peru,San Martin,2021-04-30,15057,839,2021_Q1,PE-SAM
Peru,Tacna,2020-08-30,8771,575,2020_Q2,PE-TAC
Peru,Tacna,2020-12-31,6043,222,2020_Q3,PE-TAC
Peru,Tacna,2021-04-30,8697,771,2021_Q1,PE-TAC
Peru,Tumbes,2020-08-30,6267,603,2020_Q2,PE-TUM
Peru,Tumbes,2020-12-31,3266,163,2020_Q3,PE-TUM
Peru,Tumbes,2021-04-30,6072,579,2021_Q1,PE-TUM
Peru,Ucayali,2020-04-30,760,231,2020_Q1,PE-UCA
Peru,Ucayali,2020-08-30,13640,1135,2020_Q2,PE-UCA
Peru,Ucayali,2020-12-31,6209,212,2020_Q3,PE-UCA
Peru,Ucayali,2021-04-30,9778,1160,2021_Q1,PE-UCA
